Workbook
Name DadosExternos_1: '3 - LISTA DE ESPÉCIES'!$A$4:$H$1807
Name DadosExternos_2: '4 - LISTA DOS TIPOS DE PRODUTOS'!$A$4:$C$21

Sheet 1 - LEIA-ME
E1: PLANILHA DE ESPÉCIES ARBÓREAS PARA CAI COM RENDIMENTO LENHOSO - GUIA DE PREENCHIMENTO
E2: PARA PREENCHER CORRETAMENTE A PLANILHA DE ESPÉCIES ARBÓREAS, É FUNDAMENTAL COMPREENDER O SEU FUNCIONAMENTO. A SEGUIR, APRESENTAMOS AS INFORMAÇÕES NECESSÁRIAS:
E4: ABAS DA PLANILHA
E6: 2 - PREENCHA AQUI
E8: Esta aba está dividida em duas partes: Espécies e Dados a serem exportados.
E10: 2.1 Espécies
F11: • Você pode buscar a espécie por código, nome popular ou nome científico.
F12: • Para preencher a parte de espécies, é necessário pesquisar os atributos na aba 3 - LISTA DE ESPÉCIES.
F13: • Depois de realizar a pesquisa, insira o código ou o nome da espécie na planilha.
E15: 2.2 Dados a serem exportados
F16: • A parte dados a serem exportados são as informações que serão exportadas para o sistema.
F17: • Alguns atributos são preenchidos automaticamente: Código, Nome Popular, Espécie (Nome Científico), Classificação e Código do Ibama.
F18: • É necessário preencher os seguintes campos: Latitude, Longitude, Produto, Volume.
F20: 2.2.1 Padrão de Preenchimento da Latitude e Longitude: Preencha as coordenadas geográficas em grau, minuto e segundo e utilize o sistema de referência oficial SIRGAS 2000.
F21: Exemplo Latitude: -16°44'20.00
F22: Exemplo Longitude: -49°05'43.10
F23: Obs: As coordenadas não podem se repetir, pois não é possível ter mais de um indivíduo na mesma localização. Entretanto, se um único indivíduo produzir mais de um tipo de produto, somente nesse caso é permitida a repetição das coordenadas para aquele indivíduo.
F25: 2.2.2 Padrão de preenchimento do tipo de Produto: Consulte a aba 4 - LISTA DOS TIPOS DE PRODUTOS para obter o ID correspondente ao produto desejado
F26: e insira-o no campo Produto.
F28: 2.2.3 Padrão de preenchimento de Volume: Insira o valor correspondente ao volume, respeitando a unidade de medida apropriada. Deve ser usado 'ponto',
F29: exemplo: 34.5 m³
E31: 3 - LISTA DE ESPÉCIES
E33: Esta aba destina-se à consulta dos dados das espécies, permitindo a obtenção das informações corretas para inserção na aba 2 - PREENCHA AQUI.
E35: 4 - LISTA DOS TIPOS DE PRODUTOS
E37: Nesta aba, é possível realizar a consulta dos tipos de produtos que serão gerados, a fim de obter os dados para inserção na aba 2 - PREENCHA AQUI.
E39: 5 - RESULTADO PARA EXPORTAÇÃO
E41: Esta aba é exclusivamente destinada à exportação dos dados que foram preenchidos para o sistema. Não se destina ao preenchimento nem à consulta por parte
E42: do usuário. Entretanto, é essa aba que deverá ser convertida em CSV para upload no sistema. Recomenda-se verificar se os dados inseridos foram corretamente
E43: transferidos para esta aba.
E45: ATENÇÃO: A aba '5 - RESULTADO PARA EXPORTAÇÃO' deve ser salva no formato csv.

Sheet 2 - PREENCHA AQUI
A1: PLANILHA DE ESPÉCIES ARBÓREAS PARA CAI COM RENDIMENTO LENHOSO
A4: ESPÉCIES | E4: DADOS A SEREM EXPORTADOS
A5: Código | B5: Nome Popular | C5: Espécie (Nome Científico) | E5: Código | F5: Nome Popular | G5: Espécie (Nome Científico) | H5: Classificação | I5: Código Ibama | J5: Latitude | K5: Longitude | L5: Produto | M5: Volume
E6: =IF(AND(A6<>0,B6=0,C6=0),VLOOKUP(A6,'3 - LISTA DE ESPÉCIES'!A:H,1,FALSE()),IF(AND(A6=0,B6<>0,C6=0),VLOOKUP(B6,'3 - LISTA DE ESPÉCIES'!B:H,5,FALSE()),IF(AND(A6=0,B6=0,C6<>0),VLOOKUP(C6,'3 - LISTA DE ESPÉCIES'!C:H,4,FALSE())))) -> FALSE | F6: =IF(AND(A6<>0,B6=0,C6=0),VLOOKUP(A6,'3 - LISTA DE ESPÉCIES'!A:H,2,FALSE()),IF(AND(A6=0,B6<>0,C6=0),VLOOKUP(B6,'3 - LISTA DE ESPÉCIES'!B:H,6,FALSE()),IF(AND(A6=0,B6=0,C6<>0),VLOOKUP(C6,'3 - LISTA DE ESPÉCIES'!C:H,5,FALSE())))) -> FALSE | G6: =IF(AND(A6<>0,B6=0,C6=0),VLOOKUP(A6,'3 - LISTA DE ESPÉCIES'!A:H,3,FALSE()),IF(AND(A6=0,B6<>0,C6=0),VLOOKUP(B6,'3 - LISTA DE ESPÉCIES'!B:H,7,FALSE()),IF(AND(A6=0,B6=0,C6<>0),VLOOKUP(C6,'3 - LISTA DE ESPÉCIES'!C:H,6,FALSE())))) -> FALSE | H6: =IF(AND(A6<>0,B6=0,C6=0),VLOOKUP(A6,'3 - LISTA DE ESPÉCIES'!A:H,4,FALSE()),IF(AND(A6=0,B6<>0,C6=0),VLOOKUP(B6,'3 - LISTA DE ESPÉCIES'!B:H,3,FALSE()),IF(AND(A6=0,B6=0,C6<>0),VLOOKUP(C6,'3 - LISTA DE ESPÉCIES'!C:H,2,FALSE())))) -> FALSE | I6: =IF(AND(A6<>0,B6=0,C6=0),VLOOKUP(A6,'3 - LISTA DE ESPÉCIES'!A:H,5,FALSE()),IF(AND(A6=0,B6<>0,C6=0),VLOOKUP(B6,'3 - LISTA DE ESPÉCIES'!B:H,4,FALSE()),IF(AND(A6=0,B6=0,C6<>0),VLOOKUP(C6,'3 - LISTA DE ESPÉCIES'!C:H,3,FALSE())))) -> FALSE
E7: =IF(AND(A7<>0,B7=0,C7=0),VLOOKUP(A7,'3 - LISTA DE ESPÉCIES'!A:H,1,FALSE()),IF(AND(A7=0,B7<>0,C7=0),VLOOKUP(B7,'3 - LISTA DE ESPÉCIES'!B:H,5,FALSE()),IF(AND(A7=0,B7=0,C7<>0),VLOOKUP(C7,'3 - LISTA DE ESPÉCIES'!C:H,4,FALSE())))) -> FALSE | F7: =IF(AND(A7<>0,B7=0,C7=0),VLOOKUP(A7,'3 - LISTA DE ESPÉCIES'!A:H,2,FALSE()),IF(AND(A7=0,B7<>0,C7=0),VLOOKUP(B7,'3 - LISTA DE ESPÉCIES'!B:H,6,FALSE()),IF(AND(A7=0,B7=0,C7<>0),VLOOKUP(C7,'3 - LISTA DE ESPÉCIES'!C:H,5,FALSE())))) -> FALSE | G7: =IF(AND(A7<>0,B7=0,C7=0),VLOOKUP(A7,'3 - LISTA DE ESPÉCIES'!A:H,3,FALSE()),IF(AND(A7=0,B7<>0,C7=0),VLOOKUP(B7,'3 - LISTA DE ESPÉCIES'!B:H,7,FALSE()),IF(AND(A7=0,B7=0,C7<>0),VLOOKUP(C7,'3 - LISTA DE ESPÉCIES'!C:H,6,FALSE())))) -> FALSE | H7: =IF(AND(A7<>0,B7=0,C7=0),VLOOKUP(A7,'3 - LISTA DE ESPÉCIES'!A:H,4,FALSE()),IF(AND(A7=0,B7<>0,C7=0),VLOOKUP(B7,'3 - LISTA DE ESPÉCIES'!B:H,3,FALSE()),IF(AND(A7=0,B7=0,C7<>0),VLOOKUP(C7,'3 - LISTA DE ESPÉCIES'!C:H,2,FALSE())))) -> FALSE | I7: =IF(AND(A7<>0,B7=0,C7=0),VLOOKUP(A7,'3 - LISTA DE ESPÉCIES'!A:H,5,FALSE()),IF(AND(A7=0,B7<>0,C7=0),VLOOKUP(B7,'3 - LISTA DE ESPÉCIES'!B:H,4,FALSE()),IF(AND(A7=0,B7=0,C7<>0),VLOOKUP(C7,'3 - LISTA DE ESPÉCIES'!C:H,3,FALSE())))) -> FALSE
E8: =IF(AND(A8<>0,B8=0,C8=0),VLOOKUP(A8,'3 - LISTA DE ESPÉCIES'!A:H,1,FALSE()),IF(AND(A8=0,B8<>0,C8=0),VLOOKUP(B8,'3 - LISTA DE ESPÉCIES'!B:H,5,FALSE()),IF(AND(A8=0,B8=0,C8<>0),VLOOKUP(C8,'3 - LISTA DE ESPÉCIES'!C:H,4,FALSE())))) -> FALSE | F8: =IF(AND(A8<>0,B8=0,C8=0),VLOOKUP(A8,'3 - LISTA DE ESPÉCIES'!A:H,2,FALSE()),IF(AND(A8=0,B8<>0,C8=0),VLOOKUP(B8,'3 - LISTA DE ESPÉCIES'!B:H,6,FALSE()),IF(AND(A8=0,B8=0,C8<>0),VLOOKUP(C8,'3 - LISTA DE ESPÉCIES'!C:H,5,FALSE())))) -> FALSE | G8: =IF(AND(A8<>0,B8=0,C8=0),VLOOKUP(A8,'3 - LISTA DE ESPÉCIES'!A:H,3,FALSE()),IF(AND(A8=0,B8<>0,C8=0),VLOOKUP(B8,'3 - LISTA DE ESPÉCIES'!B:H,7,FALSE()),IF(AND(A8=0,B8=0,C8<>0),VLOOKUP(C8,'3 - LISTA DE ESPÉCIES'!C:H,6,FALSE())))) -> FALSE | H8: =IF(AND(A8<>0,B8=0,C8=0),VLOOKUP(A8,'3 - LISTA DE ESPÉCIES'!A:H,4,FALSE()),IF(AND(A8=0,B8<>0,C8=0),VLOOKUP(B8,'3 - LISTA DE ESPÉCIES'!B:H,3,FALSE()),IF(AND(A8=0,B8=0,C8<>0),VLOOKUP(C8,'3 - LISTA DE ESPÉCIES'!C:H,2,FALSE())))) -> FALSE | I8: =IF(AND(A8<>0,B8=0,C8=0),VLOOKUP(A8,'3 - LISTA DE ESPÉCIES'!A:H,5,FALSE()),IF(AND(A8=0,B8<>0,C8=0),VLOOKUP(B8,'3 - LISTA DE ESPÉCIES'!B:H,4,FALSE()),IF(AND(A8=0,B8=0,C8<>0),VLOOKUP(C8,'3 - LISTA DE ESPÉCIES'!C:H,3,FALSE())))) -> FALSE
E9: =IF(AND(A9<>0,B9=0,C9=0),VLOOKUP(A9,'3 - LISTA DE ESPÉCIES'!A:H,1,FALSE()),IF(AND(A9=0,B9<>0,C9=0),VLOOKUP(B9,'3 - LISTA DE ESPÉCIES'!B:H,5,FALSE()),IF(AND(A9=0,B9=0,C9<>0),VLOOKUP(C9,'3 - LISTA DE ESPÉCIES'!C:H,4,FALSE())))) -> FALSE | F9: =IF(AND(A9<>0,B9=0,C9=0),VLOOKUP(A9,'3 - LISTA DE ESPÉCIES'!A:H,2,FALSE()),IF(AND(A9=0,B9<>0,C9=0),VLOOKUP(B9,'3 - LISTA DE ESPÉCIES'!B:H,6,FALSE()),IF(AND(A9=0,B9=0,C9<>0),VLOOKUP(C9,'3 - LISTA DE ESPÉCIES'!C:H,5,FALSE())))) -> FALSE | G9: =IF(AND(A9<>0,B9=0,C9=0),VLOOKUP(A9,'3 - LISTA DE ESPÉCIES'!A:H,3,FALSE()),IF(AND(A9=0,B9<>0,C9=0),VLOOKUP(B9,'3 - LISTA DE ESPÉCIES'!B:H,7,FALSE()),IF(AND(A9=0,B9=0,C9<>0),VLOOKUP(C9,'3 - LISTA DE ESPÉCIES'!C:H,6,FALSE())))) -> FALSE | H9: =IF(AND(A9<>0,B9=0,C9=0),VLOOKUP(A9,'3 - LISTA DE ESPÉCIES'!A:H,4,FALSE()),IF(AND(A9=0,B9<>0,C9=0),VLOOKUP(B9,'3 - LISTA DE ESPÉCIES'!B:H,3,FALSE()),IF(AND(A9=0,B9=0,C9<>0),VLOOKUP(C9,'3 - LISTA DE ESPÉCIES'!C:H,2,FALSE())))) -> FALSE | I9: =IF(AND(A9<>0,B9=0,C9=0),VLOOKUP(A9,'3 - LISTA DE ESPÉCIES'!A:H,5,FALSE()),IF(AND(A9=0,B9<>0,C9=0),VLOOKUP(B9,'3 - LISTA DE ESPÉCIES'!B:H,4,FALSE()),IF(AND(A9=0,B9=0,C9<>0),VLOOKUP(C9,'3 - LISTA DE ESPÉCIES'!C:H,3,FALSE())))) -> FALSE
E10: =IF(AND(A10<>0,B10=0,C10=0),VLOOKUP(A10,'3 - LISTA DE ESPÉCIES'!A:H,1,FALSE()),IF(AND(A10=0,B10<>0,C10=0),VLOOKUP(B10,'3 - LISTA DE ESPÉCIES'!B:H,5,FALSE()),IF(AND(A10=0,B10=0,C10<>0),VLOOKUP(C10,'3 - LISTA DE ESPÉCIES'!C:H,4,FALSE())))) -> FALSE | F10: =IF(AND(A10<>0,B10=0,C10=0),VLOOKUP(A10,'3 - LISTA DE ESPÉCIES'!A:H,2,FALSE()),IF(AND(A10=0,B10<>0,C10=0),VLOOKUP(B10,'3 - LISTA DE ESPÉCIES'!B:H,6,FALSE()),IF(AND(A10=0,B10=0,C10<>0),VLOOKUP(C10,'3 - LISTA DE ESPÉCIES'!C:H,5,FALSE())))) -> FALSE | G10: =IF(AND(A10<>0,B10=0,C10=0),VLOOKUP(A10,'3 - LISTA DE ESPÉCIES'!A:H,3,FALSE()),IF(AND(A10=0,B10<>0,C10=0),VLOOKUP(B10,'3 - LISTA DE ESPÉCIES'!B:H,7,FALSE()),IF(AND(A10=0,B10=0,C10<>0),VLOOKUP(C10,'3 - LISTA DE ESPÉCIES'!C:H,6,FALSE())))) -> FALSE | H10: =IF(AND(A10<>0,B10=0,C10=0),VLOOKUP(A10,'3 - LISTA DE ESPÉCIES'!A:H,4,FALSE()),IF(AND(A10=0,B10<>0,C10=0),VLOOKUP(B10,'3 - LISTA DE ESPÉCIES'!B:H,3,FALSE()),IF(AND(A10=0,B10=0,C10<>0),VLOOKUP(C10,'3 - LISTA DE ESPÉCIES'!C:H,2,FALSE())))) -> FALSE | I10: =IF(AND(A10<>0,B10=0,C10=0),VLOOKUP(A10,'3 - LISTA DE ESPÉCIES'!A:H,5,FALSE()),IF(AND(A10=0,B10<>0,C10=0),VLOOKUP(B10,'3 - LISTA DE ESPÉCIES'!B:H,4,FALSE()),IF(AND(A10=0,B10=0,C10<>0),VLOOKUP(C10,'3 - LISTA DE ESPÉCIES'!C:H,3,FALSE())))) -> FALSE
E11: =IF(AND(A11<>0,B11=0,C11=0),VLOOKUP(A11,'3 - LISTA DE ESPÉCIES'!A:H,1,FALSE()),IF(AND(A11=0,B11<>0,C11=0),VLOOKUP(B11,'3 - LISTA DE ESPÉCIES'!B:H,5,FALSE()),IF(AND(A11=0,B11=0,C11<>0),VLOOKUP(C11,'3 - LISTA DE ESPÉCIES'!C:H,4,FALSE())))) -> FALSE | F11: =IF(AND(A11<>0,B11=0,C11=0),VLOOKUP(A11,'3 - LISTA DE ESPÉCIES'!A:H,2,FALSE()),IF(AND(A11=0,B11<>0,C11=0),VLOOKUP(B11,'3 - LISTA DE ESPÉCIES'!B:H,6,FALSE()),IF(AND(A11=0,B11=0,C11<>0),VLOOKUP(C11,'3 - LISTA DE ESPÉCIES'!C:H,5,FALSE())))) -> FALSE | G11: =IF(AND(A11<>0,B11=0,C11=0),VLOOKUP(A11,'3 - LISTA DE ESPÉCIES'!A:H,3,FALSE()),IF(AND(A11=0,B11<>0,C11=0),VLOOKUP(B11,'3 - LISTA DE ESPÉCIES'!B:H,7,FALSE()),IF(AND(A11=0,B11=0,C11<>0),VLOOKUP(C11,'3 - LISTA DE ESPÉCIES'!C:H,6,FALSE())))) -> FALSE | H11: =IF(AND(A11<>0,B11=0,C11=0),VLOOKUP(A11,'3 - LISTA DE ESPÉCIES'!A:H,4,FALSE()),IF(AND(A11=0,B11<>0,C11=0),VLOOKUP(B11,'3 - LISTA DE ESPÉCIES'!B:H,3,FALSE()),IF(AND(A11=0,B11=0,C11<>0),VLOOKUP(C11,'3 - LISTA DE ESPÉCIES'!C:H,2,FALSE())))) -> FALSE | I11: =IF(AND(A11<>0,B11=0,C11=0),VLOOKUP(A11,'3 - LISTA DE ESPÉCIES'!A:H,5,FALSE()),IF(AND(A11=0,B11<>0,C11=0),VLOOKUP(B11,'3 - LISTA DE ESPÉCIES'!B:H,4,FALSE()),IF(AND(A11=0,B11=0,C11<>0),VLOOKUP(C11,'3 - LISTA DE ESPÉCIES'!C:H,3,FALSE())))) -> FALSE
E12: =IF(AND(A12<>0,B12=0,C12=0),VLOOKUP(A12,'3 - LISTA DE ESPÉCIES'!A:H,1,FALSE()),IF(AND(A12=0,B12<>0,C12=0),VLOOKUP(B12,'3 - LISTA DE ESPÉCIES'!B:H,5,FALSE()),IF(AND(A12=0,B12=0,C12<>0),VLOOKUP(C12,'3 - LISTA DE ESPÉCIES'!C:H,4,FALSE())))) -> FALSE | F12: =IF(AND(A12<>0,B12=0,C12=0),VLOOKUP(A12,'3 - LISTA DE ESPÉCIES'!A:H,2,FALSE()),IF(AND(A12=0,B12<>0,C12=0),VLOOKUP(B12,'3 - LISTA DE ESPÉCIES'!B:H,6,FALSE()),IF(AND(A12=0,B12=0,C12<>0),VLOOKUP(C12,'3 - LISTA DE ESPÉCIES'!C:H,5,FALSE())))) -> FALSE | G12: =IF(AND(A12<>0,B12=0,C12=0),VLOOKUP(A12,'3 - LISTA DE ESPÉCIES'!A:H,3,FALSE()),IF(AND(A12=0,B12<>0,C12=0),VLOOKUP(B12,'3 - LISTA DE ESPÉCIES'!B:H,7,FALSE()),IF(AND(A12=0,B12=0,C12<>0),VLOOKUP(C12,'3 - LISTA DE ESPÉCIES'!C:H,6,FALSE())))) -> FALSE | H12: =IF(AND(A12<>0,B12=0,C12=0),VLOOKUP(A12,'3 - LISTA DE ESPÉCIES'!A:H,4,FALSE()),IF(AND(A12=0,B12<>0,C12=0),VLOOKUP(B12,'3 - LISTA DE ESPÉCIES'!B:H,3,FALSE()),IF(AND(A12=0,B12=0,C12<>0),VLOOKUP(C12,'3 - LISTA DE ESPÉCIES'!C:H,2,FALSE())))) -> FALSE | I12: =IF(AND(A12<>0,B12=0,C12=0),VLOOKUP(A12,'3 - LISTA DE ESPÉCIES'!A:H,5,FALSE()),IF(AND(A12=0,B12<>0,C12=0),VLOOKUP(B12,'3 - LISTA DE ESPÉCIES'!B:H,4,FALSE()),IF(AND(A12=0,B12=0,C12<>0),VLOOKUP(C12,'3 - LISTA DE ESPÉCIES'!C:H,3,FALSE())))) -> FALSE
E13: =IF(AND(A13<>0,B13=0,C13=0),VLOOKUP(A13,'3 - LISTA DE ESPÉCIES'!A:H,1,FALSE()),IF(AND(A13=0,B13<>0,C13=0),VLOOKUP(B13,'3 - LISTA DE ESPÉCIES'!B:H,5,FALSE()),IF(AND(A13=0,B13=0,C13<>0),VLOOKUP(C13,'3 - LISTA DE ESPÉCIES'!C:H,4,FALSE())))) -> FALSE | F13: =IF(AND(A13<>0,B13=0,C13=0),VLOOKUP(A13,'3 - LISTA DE ESPÉCIES'!A:H,2,FALSE()),IF(AND(A13=0,B13<>0,C13=0),VLOOKUP(B13,'3 - LISTA DE ESPÉCIES'!B:H,6,FALSE()),IF(AND(A13=0,B13=0,C13<>0),VLOOKUP(C13,'3 - LISTA DE ESPÉCIES'!C:H,5,FALSE())))) -> FALSE | G13: =IF(AND(A13<>0,B13=0,C13=0),VLOOKUP(A13,'3 - LISTA DE ESPÉCIES'!A:H,3,FALSE()),IF(AND(A13=0,B13<>0,C13=0),VLOOKUP(B13,'3 - LISTA DE ESPÉCIES'!B:H,7,FALSE()),IF(AND(A13=0,B13=0,C13<>0),VLOOKUP(C13,'3 - LISTA DE ESPÉCIES'!C:H,6,FALSE())))) -> FALSE | H13: =IF(AND(A13<>0,B13=0,C13=0),VLOOKUP(A13,'3 - LISTA DE ESPÉCIES'!A:H,4,FALSE()),IF(AND(A13=0,B13<>0,C13=0),VLOOKUP(B13,'3 - LISTA DE ESPÉCIES'!B:H,3,FALSE()),IF(AND(A13=0,B13=0,C13<>0),VLOOKUP(C13,'3 - LISTA DE ESPÉCIES'!C:H,2,FALSE())))) -> FALSE | I13: =IF(AND(A13<>0,B13=0,C13=0),VLOOKUP(A13,'3 - LISTA DE ESPÉCIES'!A:H,5,FALSE()),IF(AND(A13=0,B13<>0,C13=0),VLOOKUP(B13,'3 - LISTA DE ESPÉCIES'!B:H,4,FALSE()),IF(AND(A13=0,B13=0,C13<>0),VLOOKUP(C13,'3 - LISTA DE ESPÉCIES'!C:H,3,FALSE())))) -> FALSE
E14: =IF(AND(A14<>0,B14=0,C14=0),VLOOKUP(A14,'3 - LISTA DE ESPÉCIES'!A:H,1,FALSE()),IF(AND(A14=0,B14<>0,C14=0),VLOOKUP(B14,'3 - LISTA DE ESPÉCIES'!B:H,5,FALSE()),IF(AND(A14=0,B14=0,C14<>0),VLOOKUP(C14,'3 - LISTA DE ESPÉCIES'!C:H,4,FALSE())))) -> FALSE | F14: =IF(AND(A14<>0,B14=0,C14=0),VLOOKUP(A14,'3 - LISTA DE ESPÉCIES'!A:H,2,FALSE()),IF(AND(A14=0,B14<>0,C14=0),VLOOKUP(B14,'3 - LISTA DE ESPÉCIES'!B:H,6,FALSE()),IF(AND(A14=0,B14=0,C14<>0),VLOOKUP(C14,'3 - LISTA DE ESPÉCIES'!C:H,5,FALSE())))) -> FALSE | G14: =IF(AND(A14<>0,B14=0,C14=0),VLOOKUP(A14,'3 - LISTA DE ESPÉCIES'!A:H,3,FALSE()),IF(AND(A14=0,B14<>0,C14=0),VLOOKUP(B14,'3 - LISTA DE ESPÉCIES'!B:H,7,FALSE()),IF(AND(A14=0,B14=0,C14<>0),VLOOKUP(C14,'3 - LISTA DE ESPÉCIES'!C:H,6,FALSE())))) -> FALSE | H14: =IF(AND(A14<>0,B14=0,C14=0),VLOOKUP(A14,'3 - LISTA DE ESPÉCIES'!A:H,4,FALSE()),IF(AND(A14=0,B14<>0,C14=0),VLOOKUP(B14,'3 - LISTA DE ESPÉCIES'!B:H,3,FALSE()),IF(AND(A14=0,B14=0,C14<>0),VLOOKUP(C14,'3 - LISTA DE ESPÉCIES'!C:H,2,FALSE())))) -> FALSE | I14: =IF(AND(A14<>0,B14=0,C14=0),VLOOKUP(A14,'3 - LISTA DE ESPÉCIES'!A:H,5,FALSE()),IF(AND(A14=0,B14<>0,C14=0),VLOOKUP(B14,'3 - LISTA DE ESPÉCIES'!B:H,4,FALSE()),IF(AND(A14=0,B14=0,C14<>0),VLOOKUP(C14,'3 - LISTA DE ESPÉCIES'!C:H,3,FALSE())))) -> FALSE
E15: =IF(AND(A15<>0,B15=0,C15=0),VLOOKUP(A15,'3 - LISTA DE ESPÉCIES'!A:H,1,FALSE()),IF(AND(A15=0,B15<>0,C15=0),VLOOKUP(B15,'3 - LISTA DE ESPÉCIES'!B:H,5,FALSE()),IF(AND(A15=0,B15=0,C15<>0),VLOOKUP(C15,'3 - LISTA DE ESPÉCIES'!C:H,4,FALSE())))) -> FALSE | F15: =IF(AND(A15<>0,B15=0,C15=0),VLOOKUP(A15,'3 - LISTA DE ESPÉCIES'!A:H,2,FALSE()),IF(AND(A15=0,B15<>0,C15=0),VLOOKUP(B15,'3 - LISTA DE ESPÉCIES'!B:H,6,FALSE()),IF(AND(A15=0,B15=0,C15<>0),VLOOKUP(C15,'3 - LISTA DE ESPÉCIES'!C:H,5,FALSE())))) -> FALSE | G15: =IF(AND(A15<>0,B15=0,C15=0),VLOOKUP(A15,'3 - LISTA DE ESPÉCIES'!A:H,3,FALSE()),IF(AND(A15=0,B15<>0,C15=0),VLOOKUP(B15,'3 - LISTA DE ESPÉCIES'!B:H,7,FALSE()),IF(AND(A15=0,B15=0,C15<>0),VLOOKUP(C15,'3 - LISTA DE ESPÉCIES'!C:H,6,FALSE())))) -> FALSE | H15: =IF(AND(A15<>0,B15=0,C15=0),VLOOKUP(A15,'3 - LISTA DE ESPÉCIES'!A:H,4,FALSE()),IF(AND(A15=0,B15<>0,C15=0),VLOOKUP(B15,'3 - LISTA DE ESPÉCIES'!B:H,3,FALSE()),IF(AND(A15=0,B15=0,C15<>0),VLOOKUP(C15,'3 - LISTA DE ESPÉCIES'!C:H,2,FALSE())))) -> FALSE | I15: =IF(AND(A15<>0,B15=0,C15=0),VLOOKUP(A15,'3 - LISTA DE ESPÉCIES'!A:H,5,FALSE()),IF(AND(A15=0,B15<>0,C15=0),VLOOKUP(B15,'3 - LISTA DE ESPÉCIES'!B:H,4,FALSE()),IF(AND(A15=0,B15=0,C15<>0),VLOOKUP(C15,'3 - LISTA DE ESPÉCIES'!C:H,3,FALSE())))) -> FALSE
E16: =IF(AND(A16<>0,B16=0,C16=0),VLOOKUP(A16,'3 - LISTA DE ESPÉCIES'!A:H,1,FALSE()),IF(AND(A16=0,B16<>0,C16=0),VLOOKUP(B16,'3 - LISTA DE ESPÉCIES'!B:H,5,FALSE()),IF(AND(A16=0,B16=0,C16<>0),VLOOKUP(C16,'3 - LISTA DE ESPÉCIES'!C:H,4,FALSE())))) -> FALSE | F16: =IF(AND(A16<>0,B16=0,C16=0),VLOOKUP(A16,'3 - LISTA DE ESPÉCIES'!A:H,2,FALSE()),IF(AND(A16=0,B16<>0,C16=0),VLOOKUP(B16,'3 - LISTA DE ESPÉCIES'!B:H,6,FALSE()),IF(AND(A16=0,B16=0,C16<>0),VLOOKUP(C16,'3 - LISTA DE ESPÉCIES'!C:H,5,FALSE())))) -> FALSE | G16: =IF(AND(A16<>0,B16=0,C16=0),VLOOKUP(A16,'3 - LISTA DE ESPÉCIES'!A:H,3,FALSE()),IF(AND(A16=0,B16<>0,C16=0),VLOOKUP(B16,'3 - LISTA DE ESPÉCIES'!B:H,7,FALSE()),IF(AND(A16=0,B16=0,C16<>0),VLOOKUP(C16,'3 - LISTA DE ESPÉCIES'!C:H,6,FALSE())))) -> FALSE | H16: =IF(AND(A16<>0,B16=0,C16=0),VLOOKUP(A16,'3 - LISTA DE ESPÉCIES'!A:H,4,FALSE()),IF(AND(A16=0,B16<>0,C16=0),VLOOKUP(B16,'3 - LISTA DE ESPÉCIES'!B:H,3,FALSE()),IF(AND(A16=0,B16=0,C16<>0),VLOOKUP(C16,'3 - LISTA DE ESPÉCIES'!C:H,2,FALSE())))) -> FALSE | I16: =IF(AND(A16<>0,B16=0,C16=0),VLOOKUP(A16,'3 - LISTA DE ESPÉCIES'!A:H,5,FALSE()),IF(AND(A16=0,B16<>0,C16=0),VLOOKUP(B16,'3 - LISTA DE ESPÉCIES'!B:H,4,FALSE()),IF(AND(A16=0,B16=0,C16<>0),VLOOKUP(C16,'3 - LISTA DE ESPÉCIES'!C:H,3,FALSE())))) -> FALSE
E17: =IF(AND(A17<>0,B17=0,C17=0),VLOOKUP(A17,'3 - LISTA DE ESPÉCIES'!A:H,1,FALSE()),IF(AND(A17=0,B17<>0,C17=0),VLOOKUP(B17,'3 - LISTA DE ESPÉCIES'!B:H,5,FALSE()),IF(AND(A17=0,B17=0,C17<>0),VLOOKUP(C17,'3 - LISTA DE ESPÉCIES'!C:H,4,FALSE())))) -> FALSE | F17: =IF(AND(A17<>0,B17=0,C17=0),VLOOKUP(A17,'3 - LISTA DE ESPÉCIES'!A:H,2,FALSE()),IF(AND(A17=0,B17<>0,C17=0),VLOOKUP(B17,'3 - LISTA DE ESPÉCIES'!B:H,6,FALSE()),IF(AND(A17=0,B17=0,C17<>0),VLOOKUP(C17,'3 - LISTA DE ESPÉCIES'!C:H,5,FALSE())))) -> FALSE | G17: =IF(AND(A17<>0,B17=0,C17=0),VLOOKUP(A17,'3 - LISTA DE ESPÉCIES'!A:H,3,FALSE()),IF(AND(A17=0,B17<>0,C17=0),VLOOKUP(B17,'3 - LISTA DE ESPÉCIES'!B:H,7,FALSE()),IF(AND(A17=0,B17=0,C17<>0),VLOOKUP(C17,'3 - LISTA DE ESPÉCIES'!C:H,6,FALSE())))) -> FALSE | H17: =IF(AND(A17<>0,B17=0,C17=0),VLOOKUP(A17,'3 - LISTA DE ESPÉCIES'!A:H,4,FALSE()),IF(AND(A17=0,B17<>0,C17=0),VLOOKUP(B17,'3 - LISTA DE ESPÉCIES'!B:H,3,FALSE()),IF(AND(A17=0,B17=0,C17<>0),VLOOKUP(C17,'3 - LISTA DE ESPÉCIES'!C:H,2,FALSE())))) -> FALSE | I17: =IF(AND(A17<>0,B17=0,C17=0),VLOOKUP(A17,'3 - LISTA DE ESPÉCIES'!A:H,5,FALSE()),IF(AND(A17=0,B17<>0,C17=0),VLOOKUP(B17,'3 - LISTA DE ESPÉCIES'!B:H,4,FALSE()),IF(AND(A17=0,B17=0,C17<>0),VLOOKUP(C17,'3 - LISTA DE ESPÉCIES'!C:H,3,FALSE())))) -> FALSE
... E1005: =IF(AND(A1005<>0,B1005=0,C1005=0),VLOOKUP(A1005,'3 - LISTA DE ESPÉCIES'!A:H,1,FALSE()),IF(AND(A1005=0,B1005<>0,C1005=0),VLOOKUP(B1005,'3 - LISTA DE ESPÉCIES'!B:H,5,FALSE()),IF(AND(A1005=0,B1005=0,C1005<>0),VLOOKUP(C1005,'3 - LISTA DE ESPÉCIES'!C:H,4,FALSE())))) -> FALSE | F1005: =IF(AND(A1005<>0,B1005=0,C1005=0),VLOOKUP(A1005,'3 - LISTA DE ESPÉCIES'!A:H,2,FALSE()),IF(AND(A1005=0,B1005<>0,C1005=0),VLOOKUP(B1005,'3 - LISTA DE ESPÉCIES'!B:H,6,FALSE()),IF(AND(A1005=0,B1005=0,C1005<>0),VLOOKUP(C1005,'3 - LISTA DE ESPÉCIES'!C:H,5,FALSE())))) -> FALSE | G1005: =IF(AND(A1005<>0,B1005=0,C1005=0),VLOOKUP(A1005,'3 - LISTA DE ESPÉCIES'!A:H,3,FALSE()),IF(AND(A1005=0,B1005<>0,C1005=0),VLOOKUP(B1005,'3 - LISTA DE ESPÉCIES'!B:H,7,FALSE()),IF(AND(A1005=0,B1005=0,C1005<>0),VLOOKUP(C1005,'3 - LISTA DE ESPÉCIES'!C:H,6,FALSE())))) -> FALSE | H1005: =IF(AND(A1005<>0,B1005=0,C1005=0),VLOOKUP(A1005,'3 - LISTA DE ESPÉCIES'!A:H,4,FALSE()),IF(AND(A1005=0,B1005<>0,C1005=0),VLOOKUP(B1005,'3 - LISTA DE ESPÉCIES'!B:H,3,FALSE()),IF(AND(A1005=0,B1005=0,C1005<>0),VLOOKUP(C1005,'3 - LISTA DE ESPÉCIES'!C:H,2,FALSE())))) -> FALSE | I1005: =IF(AND(A1005<>0,B1005=0,C1005=0),VLOOKUP(A1005,'3 - LISTA DE ESPÉCIES'!A:H,5,FALSE()),IF(AND(A1005=0,B1005<>0,C1005=0),VLOOKUP(B1005,'3 - LISTA DE ESPÉCIES'!B:H,4,FALSE()),IF(AND(A1005=0,B1005=0,C1005<>0),VLOOKUP(C1005,'3 - LISTA DE ESPÉCIES'!C:H,3,FALSE())))) -> FALSE

Sheet 3 - LISTA DE ESPÉCIES
A1: PLANILHA DE ESPÉCIES ARBÓREAS PARA CAI COM RENDIMENTO LENHOSO
A4: Código | B4: Nome popular | C4: Nome científico | D4: Classificação | E4: Código Ibama | F4: Cópia Código | G4: Cópia Nome popular | H4: Cópia Nome científico
A5: 119 | B5: Goiabeira-serrana | C5: Acca sellowiana | D5: Não avaliada. | E5: 32211 | F5: =especies_ativa_codibama[[#This Row],[Código]] -> 119 | G5: =especies_ativa_codibama[[#This Row],[Nome popular]] -> Goiabeira-serrana | H5: =especies_ativa_codibama[[#This Row],[Nome científico]] -> Acca sellowiana
A6: 221 | B6: Barreiro, branquinho e laranjeira-do-mato, Guamirim, laranjeira-brava, laranjeira-do-mato, Limoeiro, pau-rainha , Canela-de-veado, feicassé, laranjeira-brava | C6: Actinostemon concolor | D6: Não avaliada. | E6: 35763 | F6: =especies_ativa_codibama[[#This Row],[Código]] -> 221 | G6: =especies_ativa_codibama[[#This Row],[Nome popular]] -> Barreiro, branquinho e laranjeira-do-mato, Guamirim, laranjeira-brava, laranjeira-do-mato, Limoeiro, pau-rainha , Canela-de-veado, feicassé, laranjeira-brava | H6: =especies_ativa_codibama[[#This Row],[Nome científico]] -> Actinostemon concolor
A7: 233 | B7: Tento-carolina | C7: Adenanthera pavonina | D7: Não avaliada. | E7: 35269 | F7: =especies_ativa_codibama[[#This Row],[Código]] -> 233 | G7: =especies_ativa_codibama[[#This Row],[Nome popular]] -> Tento-carolina | H7: =especies_ativa_codibama[[#This Row],[Nome científico]] -> Adenanthera pavonina
A8: 411 | B8: Ébano-europeu | C8: Albizia lebbeck | D8: Não avaliada. | E8: 32857 | F8: =especies_ativa_codibama[[#This Row],[Código]] -> 411 | G8: =especies_ativa_codibama[[#This Row],[Nome popular]] -> Ébano-europeu | H8: =especies_ativa_codibama[[#This Row],[Nome científico]] -> Albizia lebbeck
A9: 412 | B9: Coração-de-negro | C9: Albizia lebbeck | D9: Não avaliada. | E9: 32857 | F9: =especies_ativa_codibama[[#This Row],[Código]] -> 412 | G9: =especies_ativa_codibama[[#This Row],[Nome popular]] -> Coração-de-negro | H9: =especies_ativa_codibama[[#This Row],[Nome científico]] -> Albizia lebbeck
A10: 413 | B10: Ébano-oriental | C10: Albizia lebbeck | D10: Não avaliada. | E10: 32857 | F10: =especies_ativa_codibama[[#This Row],[Código]] -> 413 | G10: =especies_ativa_codibama[[#This Row],[Nome popular]] -> Ébano-oriental | H10: =especies_ativa_codibama[[#This Row],[Nome científico]] -> Albizia lebbeck
A11: 557 | B11: Apuruí, Arapuruí | C11: Alibertia edulis | D11: Não avaliada. | E11: 34693 | F11: =especies_ativa_codibama[[#This Row],[Código]] -> 557 | G11: =especies_ativa_codibama[[#This Row],[Nome popular]] -> Apuruí, Arapuruí | H11: =especies_ativa_codibama[[#This Row],[Nome científico]] -> Alibertia edulis
A12: 808 | B12: Angico-branco, Angico, Angico-branco-liso, Curupaí, Curupaíba, Angico-coco, Angico-escuro, Angico-liso, Angico-vermelho, Cambuí-angico | C12: Anadenanthera colubrina | D12: Protegida | E12: 34091 | F12: =especies_ativa_codibama[[#This Row],[Código]] -> 808 | G12: =especies_ativa_codibama[[#This Row],[Nome popular]] -> Angico-branco, Angico, Angico-branco-liso, Curupaí, Curupaíba, Angico-coco, Angico-escuro, Angico-liso, Angico-vermelho, Cambuí-angico | H12: =especies_ativa_codibama[[#This Row],[Nome científico]] -> Anadenanthera colubrina
A13: 906 | B13: Angelim-do-cerrado | C13: Andira cujabensis | D13: Não avaliada. | E13: 2010077 | F13: =especies_ativa_codibama[[#This Row],[Código]] -> 906 | G13: =especies_ativa_codibama[[#This Row],[Nome popular]] -> Angelim-do-cerrado | H13: =especies_ativa_codibama[[#This Row],[Nome científico]] -> Andira cujabensis
A14: 1963 | B14: Amargoso | C14: Aspidosperma spruceanum | D14: Não avaliada. | E14: 35292 | F14: =especies_ativa_codibama[[#This Row],[Código]] -> 1963 | G14: =especies_ativa_codibama[[#This Row],[Nome popular]] -> Amargoso | H14: =especies_ativa_codibama[[#This Row],[Nome científico]] -> Aspidosperma spruceanum
A15: 1977 | B15: Araracanga | C15: Aspidosperma spruceanum | D15: Não avaliada. | E15: 35292 | F15: =especies_ativa_codibama[[#This Row],[Código]] -> 1977 | G15: =especies_ativa_codibama[[#This Row],[Nome popular]] -> Araracanga | H15: =especies_ativa_codibama[[#This Row],[Nome científico]] -> Aspidosperma spruceanum
A16: 2289 | B16: indaia, babassu, catolé | C16: Attalea compta | D16: Não avaliada. | E16: 35225 | F16: =especies_ativa_codibama[[#This Row],[Código]] -> 2289 | G16: =especies_ativa_codibama[[#This Row],[Nome popular]] -> indaia, babassu, catolé | H16: =especies_ativa_codibama[[#This Row],[Nome científico]] -> Attalea compta
... A1718: 37010 | B1718: imbaúba-branca | C1718: Cecropia concolor | D1718: Não avaliada. | E1718: 32926 | F1718: =especies_ativa_codibama[[#This Row],[Código]] -> 37010 | G1718: =especies_ativa_codibama[[#This Row],[Nome popular]] -> imbaúba-branca | H1718: =especies_ativa_codibama[[#This Row],[Nome científico]] -> Cecropia concolor
A1719: 37011 | B1719: imbaúba-branca | C1719: Cecropia obtusa | D1719: Não avaliada. | E1719: 32929 | G1719: =especies_ativa_codibama[[#This Row],[Nome popular]] -> imbaúba-branca | H1719: =especies_ativa_codibama[[#This Row],[Nome científico]] -> Cecropia obtusa
A1720: 37012 | B1720: imbaúba-branca, embaúba-da-pedra | C1720: Cecropia saxatilis | D1720: Não avaliada. | E1720: 32289 | G1720: =especies_ativa_codibama[[#This Row],[Nome popular]] -> imbaúba-branca, embaúba-da-pedra | H1720: =especies_ativa_codibama[[#This Row],[Nome científico]] -> Cecropia saxatilis
A1721: 37014 | B1721: imbaúba-gigante, imbaubão | C1721: Cecropia sciadophylla | D1721: Não avaliada. | E1721: 34145 | G1721: =especies_ativa_codibama[[#This Row],[Nome popular]] -> imbaúba-gigante, imbaubão | H1721: =especies_ativa_codibama[[#This Row],[Nome científico]] -> Cecropia sciadophylla
A1722: 37015 | B1722: imbaúbara, imbaúba, tamaoquare, mapatira | C1722: Pourouma bicolor | D1722: Não avaliada. | E1722: 35550 | G1722: =especies_ativa_codibama[[#This Row],[Nome popular]] -> imbaúbara, imbaúba, tamaoquare, mapatira | H1722: =especies_ativa_codibama[[#This Row],[Nome científico]] -> Pourouma bicolor
A1723: 37017 | B1723: imbaúbara, mapatira | C1723: Pourouma velutina | D1723: Não avaliada. | E1723: 1993826 | G1723: =especies_ativa_codibama[[#This Row],[Nome popular]] -> imbaúbara, mapatira | H1723: =especies_ativa_codibama[[#This Row],[Nome científico]] -> Pourouma velutina
A1724: 37018 | B1724: imbaúba-vermelha, imbaúba-da-mata | C1724: Cecropia distachya | D1724: Não avaliada. | E1724: 32284 | G1724: =especies_ativa_codibama[[#This Row],[Nome popular]] -> imbaúba-vermelha, imbaúba-da-mata | H1724: =especies_ativa_codibama[[#This Row],[Nome científico]] -> Cecropia distachya
A1725: 37020 | B1725: mata-pau | C1725: Coussapoa microcarpa | D1725: Não avaliada. | E1725: 33538 | G1725: =especies_ativa_codibama[[#This Row],[Nome popular]] -> mata-pau | H1725: =especies_ativa_codibama[[#This Row],[Nome científico]] -> Coussapoa microcarpa
A1726: 37021 | B1726: torém, imbaúba-branca, imbaúba-vermelha, galamarte, capeira | C1726: Cecropia palmata | D1726: Não avaliada. | E1726: 32287 | G1726: =especies_ativa_codibama[[#This Row],[Nome popular]] -> torém, imbaúba-branca, imbaúba-vermelha, galamarte, capeira | H1726: =especies_ativa_codibama[[#This Row],[Nome científico]] -> Cecropia palmata
A1727: 37022 | B1727: torém, torém abacate, mapatira, embaubarama, puruma, tourém, imbaubara, caramuri | C1727: Pourouma minor | D1727: Não avaliada. | E1727: 35551 | G1727: =especies_ativa_codibama[[#This Row],[Nome popular]] -> torém, torém abacate, mapatira, embaubarama, puruma, tourém, imbaubara, caramuri | H1727: =especies_ativa_codibama[[#This Row],[Nome científico]] -> Pourouma minor
A1728: 37023 | B1728: torém-folha-de-lixa, embaúba, imbaubara, tararanga-branca, uva-de-macaco, imbaubara, uva-da-mata, mapatira, mapati, embaubaraná, pau-de-jacuná, embauba-da-mata, amapati, pitinga | C1728: Pourouma guianensis | D1728: Não avaliada. | E1728: 31902 | G1728: =especies_ativa_codibama[[#This Row],[Nome popular]] -> torém-folha-de-lixa, embaúba, imbaubara, tararanga-branca, uva-de-macaco, imbaubara, uva-da-mata, mapatira, mapati, embaubaraná, pau-de-jacuná, embauba-da-mata, amapati, pitinga | H1728: =especies_ativa_codibama[[#This Row],[Nome científico]] -> Pourouma guianensis
A1729: 37026 | B1729: uva-de-macaco, imbaubara-vermelha, imbaúba, tararanga, tararanga-vermelha, itararanga, uva-de-macaco, amapara, imbaúbara-vermelha, mapatira | C1729: Pourouma mollis | D1729: Não avaliada. | E1729: 32117 | G1729: =especies_ativa_codibama[[#This Row],[Nome popular]] -> uva-de-macaco, imbaubara-vermelha, imbaúba, tararanga, tararanga-vermelha, itararanga, uva-de-macaco, amapara, imbaúbara-vermelha, mapatira | H1729: =especies_ativa_codibama[[#This Row],[Nome científico]] -> Pourouma mollis
A1730: 37047 | B1730: camara | C1730: Lantana camara | D1730: Não avaliada. | E1730: 34519 | G1730: =especies_ativa_codibama[[#This Row],[Nome popular]] -> camara | H1730: =especies_ativa_codibama[[#This Row],[Nome científico]] -> Lantana camara
... A1807: 37218 | B1807: --- | C1807: MYRSINE PARVIFOLIA | D1807: Não avaliada. | E1807: 1982706 | G1807: =especies_ativa_codibama[[#This Row],[Nome popular]] -> --- | H1807: =especies_ativa_codibama[[#This Row],[Nome científico]] -> MYRSINE PARVIFOLIA

Sheet 4 - LISTA DOS TIPOS DE PRODUTOS
A1: PLANILHA DE ESPÉCIES ARBÓREAS PARA CAI COM RENDIMENTO LENHOSO
A4: id | B4: descrição | C4: Unidade de Medida
A5: 25 | B5: Escoramento | C5: m³
A6: 27 | B6: Estacas | C6: m³
A7: 49 | B7: Mourões | C7: m³
A8: 81 | B8: Tora | C8: m³
A9: 84 | B9: Toretes | C9: m³
A10: 89 | B10: Xaxim | C10: m³
A11: 34 | B11: Lascas | C11: ST
A12: 50 | B12: Mourões | C12: ST
A13: 58 | B13: Palmito in Natura | C13: ESTIRPE
A14: 53 | B14: Óleos Essenciais | C14: L
A15: 52 | B15: Óleos Essenciais | C15: kg
A16: 61 | B16: Planta Viva | C16: UN

Sheet 5 - RESULTADO PARA EXPORTAÇÃO
A1: especie_id | B1: latitude | C1: longitude | D1: produto_id | E1: volume
A2: =IF('2 - PREENCHA AQUI'!E6=FALSE(),0,'2 - PREENCHA AQUI'!E6) -> 0 | B2: ='2 - PREENCHA AQUI'!J6 -> 0 | C2: ='2 - PREENCHA AQUI'!K6 -> 0 | D2: ='2 - PREENCHA AQUI'!L6 -> 0 | E2: ='2 - PREENCHA AQUI'!M6 -> 0
A3: =IF('2 - PREENCHA AQUI'!E7=FALSE(),0,'2 - PREENCHA AQUI'!E7) -> 0 | B3: ='2 - PREENCHA AQUI'!J7 -> 0 | C3: ='2 - PREENCHA AQUI'!K7 -> 0 | D3: ='2 - PREENCHA AQUI'!L7 -> 0 | E3: ='2 - PREENCHA AQUI'!M7 -> 0
A4: =IF('2 - PREENCHA AQUI'!E8=FALSE(),0,'2 - PREENCHA AQUI'!E8) -> 0 | B4: ='2 - PREENCHA AQUI'!J8 -> 0 | C4: ='2 - PREENCHA AQUI'!K8 -> 0 | D4: ='2 - PREENCHA AQUI'!L8 -> 0 | E4: ='2 - PREENCHA AQUI'!M8 -> 0
A5: =IF('2 - PREENCHA AQUI'!E9=FALSE(),0,'2 - PREENCHA AQUI'!E9) -> 0 | B5: ='2 - PREENCHA AQUI'!J9 -> 0 | C5: ='2 - PREENCHA AQUI'!K9 -> 0 | D5: ='2 - PREENCHA AQUI'!L9 -> 0 | E5: ='2 - PREENCHA AQUI'!M9 -> 0
A6: =IF('2 - PREENCHA AQUI'!E10=FALSE(),0,'2 - PREENCHA AQUI'!E10) -> 0 | B6: ='2 - PREENCHA AQUI'!J10 -> 0 | C6: ='2 - PREENCHA AQUI'!K10 -> 0 | D6: ='2 - PREENCHA AQUI'!L10 -> 0 | E6: ='2 - PREENCHA AQUI'!M10 -> 0
A7: =IF('2 - PREENCHA AQUI'!E11=FALSE(),0,'2 - PREENCHA AQUI'!E11) -> 0 | B7: ='2 - PREENCHA AQUI'!J11 -> 0 | C7: ='2 - PREENCHA AQUI'!K11 -> 0 | D7: ='2 - PREENCHA AQUI'!L11 -> 0 | E7: ='2 - PREENCHA AQUI'!M11 -> 0
A8: =IF('2 - PREENCHA AQUI'!E12=FALSE(),0,'2 - PREENCHA AQUI'!E12) -> 0 | B8: ='2 - PREENCHA AQUI'!J12 -> 0 | C8: ='2 - PREENCHA AQUI'!K12 -> 0 | D8: ='2 - PREENCHA AQUI'!L12 -> 0 | E8: ='2 - PREENCHA AQUI'!M12 -> 0
A9: =IF('2 - PREENCHA AQUI'!E13=FALSE(),0,'2 - PREENCHA AQUI'!E13) -> 0 | B9: ='2 - PREENCHA AQUI'!J13 -> 0 | C9: ='2 - PREENCHA AQUI'!K13 -> 0 | D9: ='2 - PREENCHA AQUI'!L13 -> 0 | E9: ='2 - PREENCHA AQUI'!M13 -> 0
A10: =IF('2 - PREENCHA AQUI'!E14=FALSE(),0,'2 - PREENCHA AQUI'!E14) -> 0 | B10: ='2 - PREENCHA AQUI'!J14 -> 0 | C10: ='2 - PREENCHA AQUI'!K14 -> 0 | D10: ='2 - PREENCHA AQUI'!L14 -> 0 | E10: ='2 - PREENCHA AQUI'!M14 -> 0
A11: =IF('2 - PREENCHA AQUI'!E15=FALSE(),0,'2 - PREENCHA AQUI'!E15) -> 0 | B11: ='2 - PREENCHA AQUI'!J15 -> 0 | C11: ='2 - PREENCHA AQUI'!K15 -> 0 | D11: ='2 - PREENCHA AQUI'!L15 -> 0 | E11: ='2 - PREENCHA AQUI'!M15 -> 0
A12: =IF('2 - PREENCHA AQUI'!E16=FALSE(),0,'2 - PREENCHA AQUI'!E16) -> 0 | B12: ='2 - PREENCHA AQUI'!J16 -> 0 | C12: ='2 - PREENCHA AQUI'!K16 -> 0 | D12: ='2 - PREENCHA AQUI'!L16 -> 0 | E12: ='2 - PREENCHA AQUI'!M16 -> 0
A13: =IF('2 - PREENCHA AQUI'!E17=FALSE(),0,'2 - PREENCHA AQUI'!E17) -> 0 | B13: ='2 - PREENCHA AQUI'!J17 -> 0 | C13: ='2 - PREENCHA AQUI'!K17 -> 0 | D13: ='2 - PREENCHA AQUI'!L17 -> 0 | E13: ='2 - PREENCHA AQUI'!M17 -> 0
... A1001: =IF('2 - PREENCHA AQUI'!E1005=FALSE(),0,'2 - PREENCHA AQUI'!E1005) -> 0 | B1001: ='2 - PREENCHA AQUI'!J1005 -> 0 | C1001: ='2 - PREENCHA AQUI'!K1005 -> 0 | D1001: ='2 - PREENCHA AQUI'!L1005 -> 0 | E1001: ='2 - PREENCHA AQUI'!M1005 -> 0
